-- phpMyAdmin SQL Dump
-- version 4.6.6deb5
-- https://www.phpmyadmin.net/
--
-- Host: localhost
-- Generation Time: Jul 22, 2020 at 01:09 PM
-- Server version: 5.7.30-0ubuntu0.18.04.1
-- PHP Version: 7.2.24-0ubuntu0.18.04.6

SET SQL_MODE = "NO_AUTO_VALUE_ON_ZERO";
SET time_zone = "+00:00";


/*!40101 SET @OLD_CHARACTER_SET_CLIENT=@@CHARACTER_SET_CLIENT */;
/*!40101 SET @OLD_CHARACTER_SET_RESULTS=@@CHARACTER_SET_RESULTS */;
/*!40101 SET @OLD_COLLATION_CONNECTION=@@COLLATION_CONNECTION */;
/*!40101 SET NAMES utf8mb4 */;

--
-- Database: `trainspotting`
--
CREATE DATABASE IF NOT EXISTS `trainspotting` DEFAULT CHARACTER SET latin1 COLLATE latin1_swedish_ci;
USE `trainspotting`;

-- --------------------------------------------------------

--
-- Table structure for table `camera_detects`
--

CREATE TABLE IF NOT EXISTS `camera_detects` (
  `timestamp` timestamp(6) NOT NULL DEFAULT CURRENT_TIMESTAMP(6) ON UPDATE CURRENT_TIMESTAMP(6),
  `conf` float NOT NULL,
  `label` varchar(25) NOT NULL,
  `x0` int(11) NOT NULL,
  `y0` int(11) NOT NULL,
  `x1` int(11) NOT NULL,
  `y1` int(11) NOT NULL,
  `filename` varchar(35) NOT NULL
) ENGINE=InnoDB DEFAULT CHARSET=latin1 COMMENT='Store output from run_camera.py';

-- --------------------------------------------------------

--
-- Table structure for table `daily_aggregate`
--

CREATE TABLE IF NOT EXISTS `daily_aggregate` (
  `datetime` datetime NOT NULL,
  `tempF` decimal(3,3) NOT NULL,
  `rh` decimal(3,3) NOT NULL,
  `rain` decimal(3,3) NOT NULL,
  `ws` decimal(3,3) NOT NULL,
  `wd` decimal(3,3) NOT NULL,
  `wg` decimal(3,3) NOT NULL,
  `wgd` decimal(3,3) NOT NULL,
  `inTempF` decimal(3,3) NOT NULL,
  `trainDetected` bit(1) NOT NULL,
  `trainStationary` bit(1) NOT NULL,
  `trainEventID` int(11) UNSIGNED NOT NULL,
  `pm2.5` decimal(8,4) NOT NULL,
  `pm1` decimal(8,4) NOT NULL,
  `pm10` decimal(8,4) NOT NULL,
  `p0.3` decimal(8,4) NOT NULL,
  `p0.5` decimal(8,4) NOT NULL,
  `p1` decimal(8,4) NOT NULL,
  `p2.5` decimal(8,4) NOT NULL,
  `p5` decimal(8,4) NOT NULL,
  `p10` decimal(8,4) NOT NULL,
  KEY `trainEventID` (`trainEventID`)
) ENGINE=InnoDB DEFAULT CHARSET=latin1 COMMENT='Daily aggregated seconds data';

-- --------------------------------------------------------

--
-- Table structure for table `images`
--

CREATE TABLE IF NOT EXISTS `images` (
  `id` int(11) NOT NULL AUTO_INCREMENT COMMENT 'detect id auto increment',
  `event_id` int(11) UNSIGNED NOT NULL,
  `filename` varchar(35) NOT NULL,
  `label` varchar(50) NOT NULL,
  `conf` float NOT NULL,
  `x0` smallint(6) NOT NULL DEFAULT '0',
  `y0` smallint(6) NOT NULL DEFAULT '0',
  `x1` smallint(6) NOT NULL DEFAULT '0',
  `y1` smallint(6) NOT NULL DEFAULT '0',
  PRIMARY KEY (`id`),
  KEY `foreignkey_train_event_id` (`event_id`)
) ENGINE=InnoDB AUTO_INCREMENT=74 DEFAULT CHARSET=latin1;

--
-- Dumping data for table `images`
--

INSERT INTO `images` (`id`, `event_id`, `filename`, `label`, `conf`, `x0`, `y0`, `x1`, `y1`) VALUES
(1, 5, '5/2020-07-10 13:29:32.128353.jpg', 'train', 0.582031, 0, 0, 0, 0),
(2, 5, '5/2020-07-10 13:29:32.128353.jpg', 'train', 0.160156, 0, 0, 0, 0),
(3, 5, '5/2020-07-10 13:29:32.150848.jpg', 'train', 0.339844, 0, 0, 0, 0),
(4, 5, '5/2020-07-10 13:29:32.150848.jpg', 'train', 0.160156, 0, 0, 0, 0),
(5, 5, '5/2020-07-10 13:29:32.172983.jpg', 'train', 0.5, 0, 0, 0, 0),
(6, 5, '5/2020-07-10 13:29:32.172983.jpg', 'train', 0.210938, 0, 0, 0, 0),
(7, 5, '5/2020-07-10 13:29:32.218338.jpg', 'train', 0.582031, 0, 0, 0, 0),
(8, 5, '5/2020-07-10 13:29:32.218338.jpg', 'train', 0.210938, 0, 0, 0, 0),
(9, 5, '5/2020-07-10 13:29:32.239793.jpg', 'train', 0.660156, 0, 0, 0, 0),
(10, 5, '5/2020-07-10 13:29:32.239793.jpg', 'train', 0.269531, 0, 0, 0, 0),
(11, 5, '5/2020-07-10 13:29:32.193802.jpg', 'train', 0.730469, 0, 0, 0, 0),
(12, 5, '5/2020-07-10 13:29:32.193802.jpg', 'train', 0.210938, 0, 0, 0, 0),
(13, 5, '5/2020-07-10 13:29:32.282631.jpg', 'train', 0.5, 0, 0, 0, 0),
(14, 5, '5/2020-07-10 13:29:32.282631.jpg', 'train', 0.269531, 0, 0, 0, 0),
(15, 5, '5/2020-07-10 13:29:32.326724.jpg', 'train', 0.339844, 0, 0, 0, 0),
(16, 5, '5/2020-07-10 13:29:32.326724.jpg', 'train', 0.269531, 0, 0, 0, 0),
(17, 5, '5/2020-07-10 13:29:32.261096.jpg', 'train', 0.417969, 0, 0, 0, 0),
(18, 5, '5/2020-07-10 13:29:32.261096.jpg', 'train', 0.269531, 0, 0, 0, 0),
(19, 5, '5/2020-07-10 13:29:32.303588.jpg', 'train', 0.417969, 0, 0, 0, 0),
(20, 5, '5/2020-07-10 13:29:32.303588.jpg', 'train', 0.210938, 0, 0, 0, 0),
(21, 6, '6/2020-07-10 13:33:00.666339.jpg', 'train', 0.121094, 0, 0, 0, 0),
(22, 7, '7/2020-07-10 13:34:10.842190.jpg', 'train', 0.210938, 0, 0, 0, 0),
(23, 7, '7/2020-07-10 13:34:10.923672.jpg', 'train', 0.160156, 0, 0, 0, 0),
(24, 7, '7/2020-07-10 13:34:10.967187.jpg', 'train', 0.121094, 0, 0, 0, 0),
(25, 7, '7/2020-07-10 13:34:10.947039.jpg', 'train', 0.160156, 0, 0, 0, 0),
(26, 7, '7/2020-07-10 13:34:10.883185.jpg', 'train', 0.160156, 0, 0, 0, 0),
(27, 8, '8/2020-07-10 13:35:43.128847.jpg', 'train', 0.210938, 0, 0, 0, 0),
(28, 8, '8/2020-07-10 13:35:43.150654.jpg', 'train', 0.160156, 0, 0, 0, 0),
(29, 10, '10/2020-07-10 13:38:24.154991.jpg', 'train', 0.160156, 0, 0, 0, 0),
(30, 10, '10/2020-07-10 13:38:24.135961.jpg', 'train', 0.160156, 0, 0, 0, 0),
(31, 12, '12/2020-07-10 13:39:25.336885.jpg', 'train', 0.339844, 0, 0, 0, 0),
(32, 12, '12/2020-07-10 13:39:25.315130.jpg', 'train', 0.160156, 0, 0, 0, 0),
(33, 13, '13/2020-07-10 13:46:10.441774.jpg', 'train', 0.210938, 0, 0, 0, 0),
(34, 13, '13/2020-07-10 13:46:10.660112.jpg', 'train', 0.210938, 0, 0, 0, 0),
(35, 14, '14/2020-07-10 13:46:51.089987.jpg', 'train', 0.160156, 0, 0, 0, 0),
(36, 14, '14/2020-07-10 13:46:51.327967.jpg', 'train', 0.160156, 0, 0, 0, 0),
(37, 15, '15/2020-07-10 13:47:03.709055.jpg', 'train', 0.160156, 0, 0, 0, 0),
(38, 16, '16/2020-07-10 13:47:16.008612.jpg', 'train', 0.210938, 0, 0, 0, 0),
(39, 16, '16/2020-07-10 13:47:16.229575.jpg', 'train', 0.121094, 0, 0, 0, 0),
(40, 17, '17/2020-07-10 13:47:28.182330.jpg', 'train', 0.160156, 0, 0, 0, 0),
(41, 17, '17/2020-07-10 13:47:28.383065.jpg', 'train', 0.210938, 0, 0, 0, 0),
(42, 18, '18/2020-07-10 13:47:52.707919.jpg', 'train', 0.210938, 0, 0, 0, 0),
(43, 18, '18/2020-07-10 13:47:52.923430.jpg', 'train', 0.339844, 0, 0, 0, 0),
(44, 19, '19/2020-07-10 13:48:17.441073.jpg', 'train', 0.160156, 0, 0, 0, 0),
(45, 20, '20/2020-07-10 13:48:29.770291.jpg', 'train', 0.160156, 0, 0, 0, 0),
(46, 20, '20/2020-07-10 13:48:29.975839.jpg', 'train', 0.660156, 0, 0, 0, 0),
(47, 21, '21/2020-07-10 13:48:42.164038.jpg', 'train', 0.210938, 0, 0, 0, 0),
(48, 21, '21/2020-07-10 13:48:42.359832.jpg', 'train', 0.660156, 0, 0, 0, 0),
(49, 22, '22/2020-07-10 13:48:54.571919.jpg', 'train', 0.160156, 0, 0, 0, 0),
(50, 22, '22/2020-07-10 13:48:54.771497.jpg', 'train', 0.660156, 0, 0, 0, 0),
(51, 23, '23/2020-07-10 13:55:16.589018.jpg', 'train', 0.5, 0, 0, 0, 0),
(52, 23, '23/2020-07-10 13:55:16.354066.jpg', 'train', 0.121094, 0, 0, 0, 0),
(53, 25, '25/2020-07-10 13:55:54.893229.jpg', 'train', 0.121094, 0, 0, 0, 0),
(54, 25, '25/2020-07-10 13:55:53.889466.jpg', 'train', 0.417969, 0, 0, 0, 0),
(55, 25, '25/2020-07-10 13:55:53.687465.jpg', 'train', 0.160156, 0, 0, 0, 0),
(56, 26, '26/2020-07-10 13:57:00.013787.jpg', 'train', 0.121094, 0, 0, 0, 0),
(57, 26, '26/2020-07-10 13:57:00.139531.jpg', 'train', 0.339844, 0, 0, 0, 0),
(58, 26, '26/2020-07-10 13:57:00.369497.jpg', 'train', 0.730469, 0, 0, 0, 0),
(59, 26, '26/2020-07-10 13:57:00.247001.jpg', 'train', 0.582031, 0, 0, 0, 0),
(60, 27, '27/2020-07-10 13:57:12.290317.jpg', 'train', 0.210938, 0, 0, 0, 0),
(61, 27, '27/2020-07-10 13:57:12.396602.jpg', 'train', 0.417969, 0, 0, 0, 0),
(62, 27, '27/2020-07-10 13:57:12.605609.jpg', 'train', 0.730469, 0, 0, 0, 0),
(63, 27, '27/2020-07-10 13:57:12.500238.jpg', 'train', 0.660156, 0, 0, 0, 0),
(64, 28, '28/2020-07-10 13:57:24.606653.jpg', 'train', 0.789062, 0, 0, 0, 0),
(65, 28, '28/2020-07-10 13:57:24.416008.jpg', 'train', 0.210938, 0, 0, 0, 0),
(66, 28, '28/2020-07-10 13:57:24.508778.jpg', 'train', 0.582031, 0, 0, 0, 0),
(67, 29, '29/2020-07-10 13:57:36.251974.jpg', 'train', 0.789062, 0, 0, 0, 0),
(68, 29, '29/2020-07-10 13:57:36.157520.jpg', 'train', 0.5, 0, 0, 0, 0),
(69, 29, '29/2020-07-10 13:57:36.037974.jpg', 'train', 0.160156, 0, 0, 0, 0),
(70, 30, '30/2020-07-10 13:57:47.911289.jpg', 'train', 0.417969, 0, 0, 0, 0),
(71, 30, '30/2020-07-10 13:57:47.813634.jpg', 'train', 0.160156, 0, 0, 0, 0),
(72, 30, '30/2020-07-10 13:57:48.012604.jpg', 'train', 0.660156, 0, 0, 0, 0),
(73, 30, '30/2020-07-10 13:57:48.111678.jpg', 'train', 0.789062, 0, 0, 0, 0);

-- --------------------------------------------------------

--
-- Table structure for table `purple_air`
--

CREATE TABLE IF NOT EXISTS `purple_air` (
  `datetime` datetime NOT NULL,
  `pm2.5` float NOT NULL,
  `pm1` float NOT NULL,
  `pm10` float NOT NULL,
  `p0.3` float NOT NULL,
  `p0.5` float NOT NULL,
  `p1` float NOT NULL,
  `p2.5` float NOT NULL,
  `p5` float NOT NULL,
  `p10` float NOT NULL
) ENGINE=InnoDB DEFAULT CHARSET=latin1 COMMENT='Purple Air Data';

--
-- Dumping data for table `purple_air`
--

INSERT INTO `purple_air` (`datetime`, `pm2.5`, `pm1`, `pm10`, `p0.3`, `p0.5`, `p1`, `p2.5`, `p5`, `p10`) VALUES
('2020-07-06 16:14:39', 0.12, 0, 0.7, 108.91, 30.73, 6.64, 1.42, 0.97, 0.52),
('2020-07-06 16:16:39', 0.24, 0.03, 0.24, 146.73, 42.07, 6.66, 0.51, 0, 0),
('2020-07-06 16:18:39', 0.38, 0.11, 0.38, 158.96, 45.54, 6.83, 0.79, 0, 0),
('2020-07-06 16:20:39', 0.45, 0, 0.58, 153.83, 42.62, 8.06, 0.78, 0, 0),
('2020-07-06 16:22:39', 0.42, 0, 0.64, 130.45, 39.33, 8.89, 2.33, 0.36, 0),
('2020-07-06 16:24:39', 0.54, 0.09, 0.6, 154.81, 46.1, 6.85, 0.91, 0.12, 0),
('2020-07-06 16:26:38', 0.16, 0, 0.16, 137.61, 38.69, 7.84, 0.46, 0, 0),
('2020-07-06 16:28:38', 0.76, 0, 0.76, 165.3, 47.31, 13.57, 1.3, 0, 0),
('2020-07-06 16:30:38', 0, 0, 0, 97.18, 27.76, 2.88, 0, 0, 0),
('2020-07-06 16:32:38', 0.19, 0, 0.19, 126.66, 35.47, 6.72, 0, 0, 0),
('2020-07-06 16:34:38', 0.6, 0.11, 0.6, 156.99, 47, 9.4, 0, 0, 0),
('2020-07-06 16:36:38', 0.51, 0, 0.51, 133.54, 39.6, 6.99, 0.71, 0, 0),
('2020-07-06 16:38:38', 0.21, 0.03, 0.21, 154.25, 44.15, 8.49, 0, 0, 0),
('2020-07-06 16:40:38', 0.19, 0, 0.19, 155.21, 46.69, 5.28, 0.38, 0, 0),
('2020-07-06 16:42:38', 0.21, 0, 0.51, 133.07, 38.51, 8.09, 0.89, 0.4, 0.4),
('2020-07-06 16:44:40', 0.76, 0.06, 0.76, 149.88, 45.88, 6.84, 1.24, 0, 0),
('2020-07-06 16:46:40', 0.79, 0.09, 1.04, 185.96, 56.51, 7.76, 1.73, 0.51, 0),
('2020-07-06 16:48:40', 0.36, 0.06, 0.56, 156.69, 46.36, 10.33, 1.31, 0.4, 0.4),
('2020-07-06 16:50:40', 0.1, 0, 0.33, 111, 31.29, 5.67, 0.97, 0.46, 0),
('2020-07-06 16:52:40', 0.19, 0, 0.19, 162.35, 47.84, 6.74, 0, 0, 0),
('2020-07-06 16:54:40', 0, 0, 0, 126.58, 36.9, 3.66, 0, 0, 0),
('2020-07-06 16:56:40', 0, 0, 0, 143.53, 39.83, 3.74, 0, 0, 0),
('2020-07-06 16:58:40', 0.49, 0, 0.63, 177.77, 54.37, 9.9, 1.29, 0, 0),
('2020-07-06 17:00:52', 0.1, 0, 0.1, 149.07, 43.43, 3.62, 0, 0, 0),
('2020-07-06 17:02:41', 0.51, 0, 0.74, 160.99, 48.09, 8.07, 1.15, 0.35, 0.35),
('2020-07-06 17:04:41', 0.65, 0, 0.96, 166.19, 51.04, 10.74, 0.91, 0.41, 0.41),
('2020-07-06 17:06:41', 0.43, 0, 0.78, 154.35, 43.78, 8.83, 0.43, 0.43, 0.43),
('2020-07-06 17:08:41', 0.13, 0, 0.13, 128.14, 36.67, 7.33, 0, 0, 0),
('2020-07-06 17:10:41', 0.46, 0, 0.55, 137.33, 38.84, 8.36, 1.37, 0, 0),
('2020-07-06 17:12:41', 0.28, 0.09, 0.28, 144.85, 43.91, 4.7, 0, 0, 0),
('2020-07-06 17:14:41', 0.53, 0.27, 0.53, 150.39, 45.41, 4.43, 0.51, 0, 0),
('2020-07-06 17:16:41', 0.82, 0.21, 0.82, 199.23, 62.17, 10.62, 0, 0, 0),
('2020-07-06 17:18:41', 0.54, 0, 0.54, 159.61, 47.8, 7.03, 0.52, 0, 0),
('2020-07-06 17:20:41', 0.03, 0, 0.03, 104.6, 32.45, 4.93, 0.36, 0, 0),
('2020-07-06 17:22:41', 0.42, 0, 0.42, 168.13, 51.39, 4.17, 0.43, 0, 0),
('2020-07-06 17:24:42', 0.25, 0.2, 0.45, 127.94, 36.9, 3.88, 0.39, 0, 0),
('2020-07-06 17:32:42', 0, 0, 0, 127.9, 35.75, 7.41, 0.5, 0, 0),
('2020-07-06 17:34:42', 0.35, 0, 0.35, 147.57, 43.69, 7.25, 0, 0, 0),
('2020-07-07 12:54:35', 2.46, 1.15, 2.73, 392.37, 115.42, 17.51, 1.55, 0.37, 0.37),
('2020-07-07 12:56:35', 10.37, 3.85, 13.97, 951.54, 283.21, 81.07, 16.61, 4.42, 3.34),
('2020-07-07 12:58:35', 3.39, 1.74, 3.39, 490.73, 148.02, 21.55, 1.09, 0, 0),
('2020-07-07 13:00:35', 2.88, 1.52, 2.88, 455.78, 139.1, 23.22, 1.25, 0, 0),
('2020-07-07 13:02:37', 3.27, 1.85, 3.77, 476.88, 142.73, 24.52, 2.62, 0.62, 0.62),
('2020-07-07 13:04:37', 3.42, 1.97, 3.42, 494.12, 145.35, 26.08, 0.38, 0, 0),
('2020-07-07 13:06:37', 2.31, 1.29, 2.71, 433.1, 124.54, 20.66, 1.15, 0.79, 0),
('2020-07-07 13:08:37', 2.91, 1.68, 3.22, 483.57, 144.61, 21.81, 1.36, 0.52, 0.52),
('2020-07-07 13:10:37', 2.97, 1.7, 3.33, 475.57, 142.71, 19.38, 2.41, 0.58, 0.43),
('2020-07-07 13:12:37', 2.35, 1.37, 2.54, 452.96, 132.85, 16.43, 1.75, 0.29, 0),
('2020-07-07 13:14:37', 2.65, 1.71, 2.65, 453.26, 132.19, 17.22, 0.53, 0, 0),
('2020-07-07 13:16:37', 2.68, 1.48, 2.68, 456.34, 132.35, 22.2, 1.58, 0, 0),
('2020-07-07 13:18:37', 3.59, 2.1, 3.96, 538.03, 155.81, 21.2, 2.51, 0.43, 0.43),
('2020-07-07 13:20:37', 2.55, 1.22, 2.87, 502.12, 138.24, 20.85, 1.34, 0.48, 0.48),
('2020-07-07 13:22:37', 2.07, 1.34, 2.07, 423.09, 120.7, 13.22, 1.01, 0, 0),
('2020-07-07 13:24:37', 2.65, 1.58, 3.28, 437.7, 129, 17.52, 2.35, 0.75, 0.75),
('2020-07-07 13:26:37', 2.77, 1.61, 2.77, 459.68, 137.13, 18.96, 1.63, 0, 0),
('2020-07-07 13:28:37', 3.6, 2.49, 3.6, 563.21, 165.1, 25.22, 0.74, 0, 0),
('2020-07-07 13:30:37', 2.22, 1.45, 2.22, 416.22, 122.84, 15.93, 0.46, 0, 0),
('2020-07-07 13:32:37', 2.74, 1.73, 2.74, 465.3, 139.19, 21.56, 0.94, 0, 0),
('2020-07-07 13:34:37', 2.07, 1.25, 2.46, 438.22, 132.93, 18.29, 1.81, 0.43, 0.43),
('2020-07-07 13:36:37', 2.84, 1.45, 2.84, 413.87, 123.15, 17.04, 2, 0, 0),
('2020-07-07 13:38:37', 2.31, 1.57, 2.53, 428.74, 122.62, 16.32, 0.41, 0.41, 0.41),
('2020-07-07 13:40:37', 1.96, 1.23, 1.96, 438.22, 133.96, 18.71, 0, 0, 0),
('2020-07-07 13:42:39', 2.21, 0.81, 2.21, 444.29, 127.27, 23.29, 1.19, 0, 0),
('2020-07-07 13:44:39', 2.06, 0.74, 2.06, 441.22, 125.28, 19.72, 2.74, 0, 0),
('2020-07-07 13:46:39', 2.54, 1.57, 2.54, 441.39, 131.11, 18.04, 0.29, 0, 0),
('2020-07-07 13:48:39', 1.8, 0.7, 1.8, 393.3, 110.55, 17.33, 0.38, 0, 0),
('2020-07-07 13:50:39', 2.19, 0.81, 3.09, 418.3, 120.62, 21.04, 2.38, 1.36, 0.87),
('2020-07-07 13:52:39', 2.36, 1.22, 2.36, 387.67, 108.42, 18.19, 1.54, 0, 0),
('2020-07-07 13:54:39', 2.44, 1.09, 2.44, 345.64, 103.33, 18.43, 1.57, 0, 0),
('2020-07-07 13:56:39', 1.76, 0.91, 2.63, 340.41, 101.5, 17.89, 1.74, 0.86, 0.86),
('2020-07-07 13:58:39', 1.58, 0.8, 1.58, 299.09, 85.68, 13.8, 1.07, 0, 0),
('2020-07-07 14:00:39', 1.41, 0.9, 1.85, 301.5, 86.9, 9.29, 1.24, 0.35, 0.35),
('2020-07-07 14:02:39', 2.04, 1.09, 2.04, 366.49, 103.96, 16.71, 0.85, 0, 0),
('2020-07-07 14:04:39', 1.24, 0.4, 1.49, 278.57, 82.14, 14.69, 0.46, 0.46, 0.46),
('2020-07-07 14:06:39', 1.3, 0.63, 1.3, 292.71, 85.33, 12.34, 0.89, 0, 0),
('2020-07-07 14:08:39', 1.65, 0.99, 1.65, 301.68, 90.5, 13.4, 0.47, 0, 0),
('2020-07-07 14:10:39', 1.06, 0.51, 1.37, 278.51, 79.54, 11.84, 0.84, 0.48, 0.48),
('2020-07-07 14:12:39', 0.72, 0.3, 0.72, 256.61, 68.79, 11.72, 0.45, 0, 0),
('2020-07-07 14:14:39', 1.27, 0.79, 1.27, 280.67, 83.13, 11.99, 0, 0, 0),
('2020-07-07 15:10:43', 15.57, 4.61, 22.82, 1156.75, 340.46, 125.69, 34.04, 9.81, 6.85),
('2020-07-07 15:12:43', 1.18, 0.78, 1.39, 263.96, 73.64, 7.97, 1.37, 0.21, 0.21),
('2020-07-07 15:14:43', 1.47, 0.34, 1.76, 256.15, 76.4, 15.12, 1.56, 0.29, 0.29),
('2020-07-07 15:16:43', 1.13, 0.57, 1.16, 278.04, 82.2, 15.29, 0.55, 0.03, 0.03),
('2020-07-07 15:18:43', 1.72, 0.92, 2.06, 283.35, 86.07, 13.32, 1.89, 0.34, 0.34),
('2020-07-07 15:20:43', 0.75, 0.26, 0.75, 244.1, 69.49, 12.85, 1.41, 0, 0),
('2020-07-07 15:22:43', 0.94, 0.28, 0.94, 230.82, 70.16, 10.36, 0.36, 0, 0),
('2020-07-07 15:24:43', 0.63, 0.49, 0.63, 217.37, 66.84, 9.43, 0.51, 0, 0),
('2020-07-07 15:26:43', 1.34, 0.83, 1.76, 273.3, 82.58, 11.68, 0.96, 0.62, 0.62),
('2020-07-07 15:28:43', 0.75, 0.1, 0.97, 209.25, 60.1, 8.87, 1.79, 0.35, 0.35),
('2020-07-07 15:30:43', 0.97, 0.62, 0.97, 228.78, 68.38, 9.92, 0.86, 0, 0),
('2020-07-07 15:32:43', 0.76, 0.45, 0.76, 233.66, 68.79, 10, 0, 0, 0),
('2020-07-07 15:34:43', 0.51, 0.21, 0.65, 223.82, 68.14, 11.62, 0.99, 0, 0),
('2020-07-07 15:36:43', 1.03, 0.63, 1.03, 225.76, 70.52, 8.48, 0.33, 0, 0),
('2020-07-07 15:38:43', 1.02, 0.52, 1.02, 253.77, 73.02, 12.29, 0.27, 0, 0),
('2020-07-07 15:40:43', 1.01, 0.44, 1.16, 243.04, 72.04, 9.86, 1.26, 0.2, 0.17),
('2020-07-07 15:42:45', 0.67, 0.25, 0.67, 195.81, 57.92, 7.13, 0.15, 0, 0),
('2020-07-07 15:44:45', 1.17, 0.44, 1.17, 249.64, 72.47, 12.32, 0.42, 0, 0),
('2020-07-07 15:46:45', 13.65, 3.85, 20.32, 1002.22, 300.24, 111.4, 30.41, 9.26, 6.38),
('2020-07-07 15:48:45', 1, 0.45, 1, 227.32, 68.18, 10.59, 0.76, 0, 0),
('2020-07-07 15:50:45', 1.1, 0.4, 1.1, 212.31, 60.9, 9.71, 1.26, 0, 0),
('2020-07-07 15:52:45', 1.21, 0.61, 1.21, 254.91, 75, 11.82, 0.78, 0, 0),
('2020-07-07 15:54:45', 1.19, 0.25, 1.44, 214.15, 62.63, 13.29, 1.47, 0.41, 0.41),
('2020-07-07 15:56:45', 0.49, 0.23, 0.49, 220.83, 63.3, 9.17, 0, 0, 0),
('2020-07-07 15:58:45', 1.14, 0.27, 1.3, 235.71, 71.14, 13.66, 1.46, 0.31, 0),
('2020-07-07 16:00:45', 1.17, 0.38, 1.32, 230.09, 68.82, 12.24, 0.76, 0.18, 0),
('2020-07-07 16:02:45', 1.13, 0.46, 1.13, 249.17, 73.28, 11.23, 0.78, 0, 0),
('2020-07-07 16:04:45', 0.8, 0.21, 1.06, 219.38, 60.58, 8.35, 0.82, 0.31, 0.31),
('2020-07-07 16:06:45', 1.04, 0.46, 1.45, 205.31, 61.24, 15.18, 1.46, 0.56, 0.56),
('2020-07-07 16:08:45', 1.05, 0.59, 1.24, 238.73, 74.21, 7.89, 1.21, 0.3, 0.3),
('2020-07-07 16:10:45', 0.64, 0.24, 0.64, 220.88, 63.9, 9.7, 0, 0, 0),
('2020-07-07 16:12:45', 0.61, 0.21, 0.61, 216.56, 64.29, 12.83, 0.43, 0, 0),
('2020-07-07 16:14:45', 0.67, 0.27, 0.91, 205.63, 60.9, 11.67, 0.8, 0.49, 0),
('2020-07-07 16:16:45', 0.75, 0.43, 0.75, 211.94, 62.72, 9.07, 0, 0, 0),
('2020-07-07 16:18:45', 0.43, 0.28, 0.43, 205.3, 58.91, 4.54, 0, 0, 0),
('2020-07-07 16:46:47', 2.09, 0.83, 2.09, 330.3, 102.46, 20.17, 1.06, 0, 0),
('2020-07-07 16:48:47', 1.93, 0.39, 1.93, 300.49, 86.4, 22.09, 2.06, 0, 0),
('2020-07-07 16:50:47', 2.51, 0.78, 2.88, 323.74, 93.74, 20.4, 3, 0.41, 0.41),
('2020-07-07 16:52:47', 1.69, 0.49, 2.04, 265.97, 79.76, 17.27, 2.31, 0.43, 0.43),
('2020-07-07 16:54:47', 3.5, 1.11, 3.59, 407.36, 122.73, 24.84, 5.57, 0.09, 0.09),
('2020-07-07 16:56:47', 2, 0.73, 2.57, 319.25, 94.63, 18.88, 2.73, 0.72, 0.72),
('2020-07-07 16:58:47', 1.55, 0.55, 2.06, 291.78, 88.22, 16.59, 2.06, 0.75, 0.75),
('2020-07-07 17:00:58', 2.21, 1.06, 2.21, 337.97, 98.87, 15.34, 1.46, 0, 0),
('2020-07-07 17:03:00', 1.9, 0.9, 2.33, 352.94, 105.59, 15.67, 2.16, 0.55, 0.55),
('2020-07-07 17:05:00', 1.29, 0.32, 1.29, 283.04, 84.54, 16.29, 1.45, 0, 0),
('2020-07-09 14:16:00', 1.33, 0.46, 1.33, 267.04, 75.67, 11.41, 2.19, 0, 0),
('2020-07-09 14:18:02', 1.81, 1.08, 1.81, 303.35, 92.83, 9.88, 1.12, 0, 0),
('2020-07-09 14:20:02', 1.49, 0.81, 1.49, 326.56, 93.66, 10.26, 0.06, 0, 0),
('2020-07-09 14:22:02', 1.22, 0.84, 1.22, 289.52, 84.58, 11.13, 0, 0, 0),
('2020-07-09 14:24:02', 0.96, 0.64, 1.31, 270.51, 75.56, 11.73, 0.49, 0.49, 0.49),
('2020-07-09 14:26:02', 1.07, 0.77, 1.12, 264.3, 74.94, 6.1, 0.84, 0, 0),
('2020-07-09 14:28:02', 1.87, 0.73, 1.87, 311.37, 91.69, 16.21, 1.82, 0, 0),
('2020-07-09 14:30:02', 1.63, 0.72, 1.63, 291.31, 87.37, 18.16, 0.74, 0, 0),
('2020-07-09 14:32:02', 1.13, 0.46, 1.13, 246.81, 74.37, 11.47, 0, 0, 0),
('2020-07-09 14:34:02', 1.53, 0.89, 1.53, 303.43, 89.03, 17.24, 0, 0, 0),
('2020-07-09 14:36:02', 1.29, 0.83, 1.29, 267.86, 75.19, 13.44, 0.34, 0, 0),
('2020-07-09 14:38:02', 0.94, 0.5, 0.94, 255.62, 73.69, 9.78, 1.22, 0, 0),
('2020-07-09 14:40:02', 0.77, 0.35, 0.77, 216.93, 62.13, 7.21, 0.17, 0, 0),
('2020-07-09 14:42:02', 1.18, 0.44, 1.18, 246.04, 71.26, 12.01, 0.44, 0, 0),
('2020-07-09 14:44:02', 1.29, 0.53, 1.29, 245.91, 74.84, 13.25, 0, 0, 0),
('2020-07-09 14:46:02', 1.12, 0.37, 1.38, 291.31, 83.54, 11.18, 0.35, 0.35, 0.35),
('2020-07-09 14:48:02', 0.71, 0.34, 0.86, 250.11, 75.53, 10.96, 0.14, 0.14, 0.14),
('2020-07-09 14:50:02', 0.8, 0.42, 0.89, 279.21, 83.58, 11.2, 0.54, 0, 0),
('2020-07-09 14:52:02', 1.4, 0.68, 1.46, 292.59, 85.65, 9.9, 0.74, 0, 0),
('2020-07-09 14:54:02', 1.3, 0.96, 1.3, 301.07, 85.57, 8.63, 0, 0, 0),
('2020-07-09 14:56:02', 0.93, 0.29, 1.72, 235.81, 67.6, 9.57, 1.65, 1.32, 0.53),
('2020-07-09 14:58:05', 1.13, 0.48, 1.13, 255.69, 75.17, 13.48, 0.38, 0, 0),
('2020-07-09 15:00:05', 1.48, 0.75, 1.7, 267.76, 80.18, 13.46, 1.19, 0.36, 0.36),
('2020-07-09 15:02:05', 1.37, 0.6, 1.59, 258.77, 75.07, 14.83, 1.43, 0.34, 0),
('2020-07-09 15:04:05', 0.89, 0.32, 1.27, 234.8, 67.62, 12.27, 1.21, 0.56, 0.48),
('2020-07-09 15:06:05', 0.95, 0.41, 1.24, 225.09, 67.61, 9.11, 1.42, 0.36, 0.36),
('2020-07-09 15:08:05', 0.89, 0.06, 0.89, 225.59, 68.14, 8.91, 0, 0, 0),
('2020-07-09 15:10:05', 1.16, 0.82, 1.16, 259.15, 78.51, 10.93, 0.47, 0, 0),
('2020-07-09 15:12:05', 0.59, 0.12, 0.81, 216, 64.74, 12.49, 0.91, 0.44, 0),
('2020-07-09 15:14:05', 0.81, 0.59, 0.81, 250.41, 71.91, 10.68, 0.38, 0, 0),
('2020-07-09 15:16:05', 0.96, 0.28, 0.96, 254.91, 75.18, 16.25, 0.42, 0, 0),
('2020-07-09 15:18:05', 1.01, 0.41, 1.01, 232.94, 65.46, 11.66, 0.76, 0, 0),
('2020-07-09 15:20:05', 0.83, 0.35, 0.83, 215.33, 65.29, 8.81, 0.58, 0, 0),
('2020-07-09 15:22:05', 0.9, 0.59, 1.25, 258.85, 72.2, 9.51, 1.38, 0.37, 0.37),
('2020-07-09 15:24:05', 0.82, 0.38, 1.41, 250.18, 71.53, 8.79, 1.09, 0.82, 0.82),
('2020-07-09 15:26:05', 1.1, 0.49, 1.1, 246.49, 71.39, 8.27, 0.54, 0, 0),
('2020-07-09 15:28:05', 0.72, 0.45, 0.72, 238.78, 68.61, 5.97, 0, 0, 0),
('2020-07-09 15:30:05', 1.06, 0.38, 1.06, 230.54, 69.34, 10.58, 1.18, 0, 0),
('2020-07-09 15:32:05', 0.76, 0.07, 0.76, 231.35, 62.34, 6.21, 0.59, 0, 0),
('2020-07-09 15:34:05', 0.4, 0.18, 0.65, 175.72, 52.5, 10.49, 1.94, 0.41, 0.41),
('2020-07-09 15:36:05', 0.96, 0.53, 1.37, 214.33, 66.9, 13.6, 1.09, 0.37, 0),
('2020-07-09 15:38:07', 0.17, 0, 0.29, 199.56, 53.92, 7.96, 0.23, 0.23, 0.23),
('2020-07-09 15:40:07', 0.69, 0.39, 0.69, 231.63, 68.16, 9.39, 0.99, 0, 0),
('2020-07-09 15:42:07', 0.97, 0.2, 0.97, 214.16, 61.24, 11.83, 0.49, 0, 0),
('2020-07-09 15:44:07', 0.64, 0.19, 0.76, 203.57, 60.84, 11.13, 0.49, 0, 0),
('2020-07-09 15:46:07', 0.94, 0.47, 0.94, 245, 75.38, 14, 0.48, 0, 0),
('2020-07-09 15:48:07', 1.02, 0.47, 1.52, 243.68, 70.39, 10.15, 1.39, 0.55, 0.55),
('2020-07-09 15:50:07', 0.65, 0.28, 0.9, 206.83, 62.42, 5.59, 0.84, 0.49, 0),
('2020-07-09 15:52:07', 0.29, 0.15, 0.59, 199.68, 60.47, 9.9, 0.47, 0.47, 0.47),
('2020-07-09 15:54:07', 0.37, 0.1, 0.37, 177.51, 51.17, 5.33, 0, 0, 0),
('2020-07-09 15:56:07', 0.49, 0.06, 0.49, 182.57, 53.51, 7.61, 0, 0, 0),
('2020-07-09 15:58:07', 0.82, 0.18, 0.82, 205.99, 60.1, 9.68, 0.82, 0, 0),
('2020-07-09 16:00:07', 0.79, 0.22, 0.79, 194.96, 56.29, 7.57, 0.83, 0, 0),
('2020-07-09 16:02:07', 1.35, 0.34, 1.62, 212.07, 63.11, 14.38, 2.92, 0.45, 0),
('2020-07-09 16:04:07', 0.62, 0.18, 0.62, 186.79, 55.25, 8.62, 1.32, 0, 0),
('2020-07-09 16:06:07', 0.9, 0.06, 1.33, 187.35, 52.99, 11.77, 1.36, 0.52, 0.52),
('2020-07-09 16:08:07', 0.94, 0.24, 1.87, 250.94, 69.68, 11.48, 1.52, 1.13, 1.13),
('2020-07-09 16:10:07', 0.34, 0.06, 0.34, 197.7, 61.31, 6.03, 0, 0, 0),
('2020-07-09 16:12:07', 0.35, 0.09, 0.35, 180.88, 55.4, 7.65, 0.41, 0, 0),
('2020-07-09 16:14:07', 0.68, 0.27, 0.68, 206.18, 62.76, 6.68, 0.94, 0, 0),
('2020-07-09 16:16:07', 0.54, 0.03, 0.79, 162.88, 48.99, 7.87, 0.79, 0.41, 0),
('2020-07-09 16:18:08', 0.17, 0, 0.17, 166.85, 45.63, 5.88, 0, 0, 0),
('2020-07-09 16:20:08', 0.81, 0, 0.81, 191.16, 53.46, 11.93, 1.15, 0, 0),
('2020-07-09 16:22:08', 0.96, 0.38, 0.96, 225.8, 63.48, 11.13, 1.15, 0, 0),
('2020-07-09 16:24:08', 0.82, 0.13, 1.08, 198.97, 57.3, 11.24, 1.3, 0.37, 0.37),
('2020-07-09 16:26:08', 0.46, 0.19, 0.46, 177.48, 49.58, 6.9, 0.87, 0, 0),
('2020-07-09 16:28:08', 0.86, 0.22, 0.86, 200.26, 60.28, 9.16, 1.07, 0, 0),
('2020-07-09 16:30:08', 0.94, 0.46, 0.94, 219.86, 62.9, 7.89, 0.71, 0, 0),
('2020-07-10 18:51:29', 0, 0, 0, 84.87, 25.81, 1.81, 0, 0, 0),
('2020-07-10 18:53:29', 0, 0, 0, 83.21, 24.5, 2.68, 0, 0, 0),
('2020-07-10 18:55:29', 0, 0, 0, 68.68, 20.15, 1.18, 0, 0, 0);

-- --------------------------------------------------------

--
-- Table structure for table `train_events`
--

CREATE TABLE IF NOT EXISTS `train_events` (
  `id` int(11) UNSIGNED NOT NULL AUTO_INCREMENT COMMENT 'event id auto increment',
  `start` timestamp NULL DEFAULT NULL COMMENT 'even start imestamp',
  `end` timestamp NULL DEFAULT NULL COMMENT 'event end timestamp',
  PRIMARY KEY (`id`)
) ENGINE=InnoDB AUTO_INCREMENT=31 DEFAULT CHARSET=latin1;

--
-- Dumping data for table `train_events`
--

INSERT INTO `train_events` (`id`, `start`, `end`) VALUES
(1, '2020-07-10 20:19:47', '2020-07-10 20:19:49'),
(2, '2020-07-10 20:23:18', '2020-07-10 20:23:20'),
(3, '2020-07-10 20:23:55', '2020-07-10 20:23:57'),
(4, '2020-07-10 20:26:26', '2020-07-10 20:26:28'),
(5, '2020-07-10 20:29:32', '2020-07-10 20:29:34'),
(6, '2020-07-10 20:33:01', '2020-07-10 20:33:03'),
(7, '2020-07-10 20:34:11', '2020-07-10 20:34:13'),
(8, '2020-07-10 20:35:43', '2020-07-10 20:35:44'),
(9, '2020-07-10 20:35:45', '2020-07-10 20:35:45'),
(10, '2020-07-10 20:38:24', '2020-07-10 20:38:25'),
(11, '2020-07-10 20:38:25', '2020-07-10 20:38:25'),
(12, '2020-07-10 20:39:25', '2020-07-10 20:39:27'),
(13, '2020-07-10 20:46:10', '2020-07-10 20:46:12'),
(14, '2020-07-10 20:46:51', '2020-07-10 20:46:52'),
(15, '2020-07-10 20:47:04', '2020-07-10 20:47:05'),
(16, '2020-07-10 20:47:16', '2020-07-10 20:47:17'),
(17, '2020-07-10 20:47:28', '2020-07-10 20:47:29'),
(18, '2020-07-10 20:47:53', '2020-07-10 20:47:54'),
(19, '2020-07-10 20:48:17', '2020-07-10 20:48:19'),
(20, '2020-07-10 20:48:30', '2020-07-10 20:48:31'),
(21, '2020-07-10 20:48:42', '2020-07-10 20:48:43'),
(22, '2020-07-10 20:48:55', '2020-07-10 20:48:56'),
(23, '2020-07-10 20:55:16', '2020-07-10 20:55:18'),
(24, '2020-07-10 20:55:42', '2020-07-10 20:55:42'),
(25, '2020-07-10 20:55:54', '2020-07-10 20:55:55'),
(26, '2020-07-10 20:57:00', '2020-07-10 20:57:01'),
(27, '2020-07-10 20:57:12', '2020-07-10 20:57:13'),
(28, '2020-07-10 20:57:24', '2020-07-10 20:57:25'),
(29, '2020-07-10 20:57:36', '2020-07-10 20:57:37'),
(30, '2020-07-10 20:57:48', '2020-07-10 20:57:49');

--
-- Constraints for dumped tables
--

--
-- Constraints for table `daily_aggregate`
--
ALTER TABLE `daily_aggregate`
  ADD CONSTRAINT `daily_ag_foreignkey_train_event_id` FOREIGN KEY (`trainEventID`) REFERENCES `train_events` (`id`) ON DELETE NO ACTION ON UPDATE NO ACTION;

--
-- Constraints for table `images`
--
ALTER TABLE `images`
  ADD CONSTRAINT `foreignkey_train_event_id` FOREIGN KEY (`event_id`) REFERENCES `train_events` (`id`) ON DELETE NO ACTION ON UPDATE NO ACTION;

/*!40101 SET CHARACTER_SET_CLIENT=@OLD_CHARACTER_SET_CLIENT */;
/*!40101 SET CHARACTER_SET_RESULTS=@OLD_CHARACTER_SET_RESULTS */;
/*!40101 SET COLLATION_CONNECTION=@OLD_COLLATION_CONNECTION */;
